Дата,"Доллар, цена открытия","Доллар, максимальная цена","Доллар, минимальная цена","Доллар, цена закрытия","Доллар, объем торгов","Юань, цена открытия","Юань, цена максимальная цена","Юань, минимальная цена","Юань, цена закрытия","Юань, объем торгов","Газпром, цена открытия","Газпром, цена максимальная цена","Газпром, минимальная цена","Газпром, цена закрытия","Газпром, объем торгов"
1/4/2021,74.135,74.405,73.055,74.33,2196588000,11.466,11.512,11.328,11.502,29061000,212.71,216.63,211.64,212.71,55195430
1/5/2021,74.1125,75.2875,73.85,74.04,2696328000,11.5365,11.6639,11.47,11.51,26548000,213.2,215.38,210.22,215.32,48913740
1/6/2021,73.78,74.2075,73.3975,73.9225,2002842000,11.4456,11.5004,11.41,11.464,29617000,215.48,216.8,213.07,214.38,47897590
1/8/2021,74.265,74.835,73.8175,74.155,2341573000,11.478,11.5613,11.4425,11.468,12122000,217.14,226.24,217,225.49,100717800
1/11/2021,74.4325,75,74.265,74.66,3943607000,11.4966,11.5639,11.4731,11.53,74169000,225.05,231,221.81,227.6,112506470
1/12/2021,74.46,74.46,73.5,73.54,3501136000,11.52,11.52,11.3939,11.41,74373000,229,231.44,225.66,228.69,64309460
1/13/2021,73.5,73.98,73.375,73.7475,3171863000,11.3901,11.4479,11.3726,11.394,55970000,229.29,230.35,225.2,226.8,61102300
1/14/2021,73.77,74.01,73.1025,73.21,3229002000,11.4102,11.4494,11.3081,11.335,49071000,226.49,229.57,223.2,228.86,60003270
1/15/2021,73.455,73.8875,73.2625,73.645,3269638000,11.3521,11.3949,11.3121,11.347,89147000,227.5,230.7,226,226.5,54765970
1/18/2021,74.0075,74.38,73.77,73.995,3006420000,11.4046,11.4339,11.3671,11.3915,35120000,225.55,228.5,221.34,226.88,69147920
1/19/2021,73.8275,73.935,73.2275,73.68,2835426000,11.3709,11.4079,11.34,11.374,28496000,227.66,228.85,223,223.15,66619900
1/20/2021,73.68,73.6875,73.21,73.52,2580472000,11.3679,11.3904,11.3265,11.381,19728000,223,225.78,221.55,224.3,51248650
1/21/2021,73.27,74.1,73.2,73.845,3281377000,11.3545,11.45,11.34,11.4235,65781000,224.4,224.96,217.22,217.28,76701270
1/22/2021,74.0675,75.3625,74.0675,75.3,4567485000,11.4584,11.6,11.45,11.581,113304000,216.45,216.5,210.5,215.49,94721320
1/25/2021,74.9325,75.8675,74.53,75.3675,4163717000,11.5104,11.6729,11.5041,11.6205,179491000,216.9,219.66,214.53,218.68,74456540
1/26/2021,75.555,75.79,74.9325,75.085,3617354000,11.6669,11.6839,11.582,11.605,256013000,216.8,220.29,215.71,218.8,45114650
1/27/2021,75.0675,75.9825,74.84,75.85,4408994000,11.5726,11.7049,11.5699,11.683,209543000,219.49,222,216.44,217.4,59271760
1/28/2021,75.8425,76.5,75.6775,75.9575,4448492000,11.6879,11.7989,11.6879,11.749,508764000,215.91,219.49,214.26,217.7,52341000
1/29/2021,76.2325,76.355,75.2325,75.755,4177465000,11.7834,11.8199,11.6881,11.75,377556000,216.75,216.75,212.47,212.83,66744580
2/1/2021,75.5975,76.2,75.35,76.1475,3338404000,11.716,11.7659,11.6543,11.762,75902000,214.61,214.87,212.24,214.66,39314420
2/2/2021,75.9925,76.24,75.31,76.225,3651471000,11.7321,11.812,11.6641,11.812,51453000,215.5,219.74,213.25,214.42,77924880
2/3/2021,75.93,76.3425,75.77,75.9275,2924119000,11.7739,11.7961,11.7261,11.75,50018000,215.41,218.42,213.79,218.1,45974890
2/4/2021,76.02,76.055,75.3025,75.505,3325134000,11.7561,11.7657,11.6461,11.675,43804000,218.71,221.4,216.88,219.79,47881150
2/5/2021,75.44,75.4675,74.5125,74.645,3325226000,11.636,11.636,11.5242,11.568,35804000,220.68,222.21,219,222.01,42127830
2/8/2021,74.5,74.5775,74.15,74.3,2818242000,11.5241,11.5629,11.494,11.53,44838000,223.06,228,223,228,67144040
2/9/2021,74.0525,74.26,73.86,73.8875,3172373000,11.4959,11.5559,11.4941,11.5161,72741000,229,229.49,225.8,227.73,60518190
2/10/2021,73.865,74.02,73.615,73.945,3134934000,11.4921,11.5359,11.478,11.51,45480000,227.98,228.29,221.8,223.24,41883700
2/11/2021,73.8475,73.865,73.5225,73.605,2092206000,11.5021,11.5219,11.4681,11.478,30070000,223.45,223.67,220.73,221.35,34480880
2/12/2021,73.83,74.4725,73.5,73.7175,4016662000,11.4959,11.5856,11.458,11.488,64986000,220.78,227.47,216.77,226.71,69179250
2/15/2021,73.38,73.49,73.125,73.325,2266289000,11.4539,11.4719,11.43,11.4621,43355000,228.49,230,226.7,229.22,59793600
2/16/2021,73.28,73.91,73.14,73.64,3354717000,11.4439,11.4942,11.4165,11.458,44603000,229.95,233.22,227.57,232.46,85667580
2/17/2021,73.7675,74.2,73.55,73.71,3338884000,11.4462,11.5081,11.423,11.451,60462000,232.32,233.35,225.33,229.14,64532970
2/18/2021,73.805,74.1675,73.5125,73.91,3299953000,11.4479,11.4719,11.3988,11.434,160527000,228.98,228.98,224.01,224.47,43762150
2/19/2021,73.9525,74.2,73.8,74.125,3139613000,11.4609,11.484,11.4436,11.467,52873000,224.02,226.26,221.1,226,44854360
2/20/2021,74.12,74.185,73.865,74.08,531365000,11.1651,11.692,11.1651,11.4701,20653000,226.35,227.1,225,225.84,6053880
2/22/2021,74.19,75.075,74.0675,74.3,2274252000,11.4828,11.6,11.47,11.4861,5762000,226.49,227.3,223.04,225.63,31412770
2/24/2021,74.0175,74.0325,73.4,73.54,3478001000,11.4441,11.4609,11.3921,11.405,72339000,224.42,225.64,220.85,222.55,40792480
2/25/2021,73.3875,74.8475,73.325,74.75,4263692000,11.3879,11.52,11.3859,11.517,121076000,223.47,225.5,221.22,221.7,42722110
2/26/2021,74.6375,74.925,74.2475,74.63,4977519000,11.5414,11.5664,11.4697,11.506,173835000,220.56,221.68,217.2,217.56,63735100
3/1/2021,74.25,74.4975,73.9,74.165,3543895000,11.5005,11.5015,11.42,11.47,39319000,219.34,222.01,218.25,221.47,28373590
3/2/2021,74.33,74.7275,73.5975,73.81,4189786000,11.4829,11.53,11.3634,11.3945,147223000,220,224.11,219.76,222.74,34140160
3/3/2021,73.815,74.0625,73.4,73.97,2939534000,11.3986,11.4399,11.3626,11.435,54341000,224.2,226.79,221.7,222.15,33225100
3/4/2021,73.97,74.98,73.35,74.7,4186600000,11.43,11.55,11.331,11.508,53323000,221.88,226.69,219.5,221.14,46417010
3/5/2021,74.505,74.785,74.105,74.2025,4517162000,11.5015,11.509,11.3473,11.387,504234000,222.05,228.42,220.02,227,55786000
3/9/2021,74.5,74.535,73.7775,73.915,2647131000,11.3011,11.5899,11.3011,11.348,219813000,227.51,233.07,226.05,232.1,73759850
3/10/2021,73.97,74.14,73.6,73.6025,2611814000,11.3581,11.3762,11.3156,11.338,60924000,231.83,235.5,230.66,231.69,55372950
3/11/2021,73.6,73.87,73.18,73.3,3233595000,11.32,11.3891,11.29,11.323,82430000,232.83,233.53,230.07,232.47,32131810
3/12/2021,73.3525,73.7375,73.23,73.33,3280359000,11.3085,11.3399,11.2769,11.2904,121667000,232.01,234.39,230.6,233.8,28819550
3/15/2021,73.4,73.4775,72.805,72.805,3267878000,11.268,11.2824,11.2046,11.22,45528000,234.98,238.09,234.46,237.79,46121290
3/16/2021,72.9475,73.0625,72.53,72.85,3431599000,11.2244,11.2372,11.1667,11.2125,78214000,237.3,238.23,233.8,234.02,38029020
3/17/2021,72.93,74.22,72.8875,73.64,5283378000,11.2299,11.3936,11.2272,11.364,47544000,234,234.56,227.21,229.9,62072590
3/18/2021,73.605,74.4025,73.43,74.3025,4142429000,11.3669,11.435,11.3142,11.4315,30694000,230.05,231.79,223.7,224.35,67581990
3/19/2021,74.3025,74.48,73.74,74.115,4249589000,11.3931,11.4341,11.33,11.4005,63755000,223.05,226.64,222.37,225.4,58484100
3/22/2021,74.375,75.0975,74.175,74.94,3711068000,11.393,11.54,11.393,11.5165,35735000,225.14,225.34,220.79,221.88,58491290
3/23/2021,74.98,76.4,74.915,76.39,5014872000,11.5324,11.7171,11.53,11.71,88714000,221.35,224.44,219.81,221.62,43094210
3/24/2021,76.255,76.98,75.695,76.5775,4412314000,11.6961,11.7999,11.6154,11.7235,51403000,222.39,225.45,220.53,223.65,36700010
3/25/2021,76,76.645,75.735,76.21,3535241000,11.6961,11.7061,11.59,11.63,82100000,224.2,225.38,222.7,224.84,29735720
3/26/2021,76.0475,76.2,75.595,75.655,3127450000,11.6189,11.64,11.558,11.568,42318000,225.74,227.6,225.13,227.3,26672930
3/29/2021,75.72,76.115,75.5525,75.68,2293707000,11.582,11.5947,11.5059,11.516,41919000,226.79,229.15,226.31,228.74,23752090
3/30/2021,75.575,76.19,75.39,75.85,3024296000,11.504,11.5748,11.4725,11.5326,313619000,228.95,230.1,225.04,225.93,26818410
3/31/2021,75.85,76.01,75.22,75.69,2975438000,11.55,11.5589,11.4721,11.54,83939000,226.4,228.4,223.32,227.24,38847380
4/1/2021,75.69,76.44,75.5675,76.2575,2965661000,11.5235,11.63,11.4966,11.606,57728000,228.43,231.67,225.75,226.94,43823600
4/2/2021,76.2,76.5525,75.925,76.5525,1236252000,11.9399,11.9399,11.5001,11.64,59982000,227,229.2,226.54,228.4,12621010
4/5/2021,76.4,76.74,75.9875,76.39,1754043000,11.3501,11.9299,11.3501,11.6534,39008000,227.9,227.92,224.13,225.06,23919530
4/6/2021,76.39,77.345,76.1775,77.265,3223114000,11.6479,11.8181,11.632,11.802,68282000,226.01,226.55,221.91,222.95,36223380
4/7/2021,77.22,78.045,76.8325,76.98,4567864000,11.7101,11.9243,11.7101,11.75,113329000,222.31,226.01,220.68,224.51,29483660
4/8/2021,76.96,77.39,76.62,76.855,2953998000,11.7485,11.7992,11.6871,11.7235,84963000,224.84,226.3,222.88,224.3,19420190
4/9/2021,76.8875,77.48,76.8475,77.395,2712844000,11.721,11.8144,11.721,11.7935,248351000,224.17,224.3,221.48,222.15,20902100
4/12/2021,77.395,77.7575,77.0675,77.385,2524042000,11.8324,11.8548,11.7721,11.812,59422000,220.95,224.25,219.6,222.87,29206290
4/13/2021,77.44,77.575,75.8125,75.94,3619327000,11.7001,11.8279,11.59,11.6155,61638000,223.02,228.33,221.1,227.99,39063400
4/14/2021,76.0475,76.115,75.4525,75.87,2931227000,11.6094,11.635,11.5356,11.608,110753000,230.58,236.58,229.31,235.32,91895500
4/15/2021,75.87,77.5475,75.8225,76.325,6489252000,11.63,11.86,11.63,11.7,112363000,230.1,236.39,228.23,234.63,62531120
4/16/2021,76.35,76.51,75.315,75.8175,3918384000,11.6711,11.7149,11.5494,11.611,116939000,235.49,237.45,232.7,235.1,46181390
4/19/2021,76,76.44,75.7725,76.35,2665157000,11.94,11.94,11.6305,11.7269,69950000,234.74,234.9,230.28,231.17,39712830
4/20/2021,76.335,77.07,75.9325,76.83,3328053000,11.7395,11.8538,11.7,11.8145,66245000,231.58,233.17,229,230,43916060
4/21/2021,76.8675,77.07,76.3325,76.6,3082189000,11.8381,11.8602,11.753,11.796,66465000,229.93,231.8,228.37,230.84,35493950
4/22/2021,76.67,76.785,75.235,75.4175,4295342000,11.808,11.838,11.5975,11.616,89695000,230.68,232.15,227.14,230.93,60338620
4/23/2021,75.4175,75.6,74.65,74.98,3400921000,11.6311,11.6381,11.5137,11.56,112853000,231.3,233.3,230,232.62,35447230
4/26/2021,75.4475,75.5,74.63,74.97,2192715000,11.8449,11.8449,11.5141,11.59,50334000,233.02,234.91,232.16,233.23,28695180
4/27/2021,74.9775,75.17,74.7825,74.89,2098017000,11.5676,11.5982,11.5416,11.566,50800000,233.5,235.14,231.21,232,29275690
4/28/2021,74.915,75.0025,74.34,74.4125,2517408000,11.5624,11.5709,11.49,11.495,98493000,232.55,233.24,230.2,232.96,37443310
4/29/2021,74.4,74.74,74.19,74.635,2499510000,11.4999,11.5664,11.4836,11.5435,109284000,234.08,236.18,229,230.51,55599370
4/30/2021,74.74,75.2475,74.4525,75.21,3004595000,11.5899,11.631,11.5001,11.62,90272000,230.11,231.6,228.86,231.38,32069550
5/4/2021,75.1675,75.3625,74.7,74.8425,2215219000,11.53,11.63,11.5271,11.554,31187000,232.2,234.3,230.96,233.8,37916850
5/5/2021,74.8225,74.9975,74.5825,74.86,1661977000,11.5286,11.5525,11.4992,11.5415,56009000,234.21,237.77,233.69,237.5,38141220
5/6/2021,74.84,74.9,74.2,74.23,2187468000,11.5594,11.5634,11.4761,11.4844,83454000,237.9,243.32,237.75,243,50375470
5/7/2021,73.9625,74.55,72.0025,73.785,2764362000,11.5029,11.5242,11.46,11.5015,43374000,243.49,243.99,240.78,241.7,37128000
5/10/2021,73.785,74.3575,73.5125,74.35,1031307000,11.48,11.576,11.45,11.5741,7764000,242.35,244.3,240.52,241.41,32389560
5/11/2021,74.305,74.425,73.82,74.11,2343062000,11.5799,11.5829,11.5041,11.5284,56098000,240.2,243.17,239.05,242.5,35809800
5/12/2021,74.11,74.67,73.92,74.63,3063587000,11.5251,11.5679,11.4861,11.56,45074000,242.11,244.42,241.56,241.79,33270270
5/13/2021,74.65,74.65,73.8075,74.0775,2709602000,11.548,11.5499,11.4551,11.485,84566000,242.25,247.29,242.05,247.16,64157170
5/14/2021,74.0775,74.2475,73.72,74.0125,2288463000,11.5004,11.5119,11.458,11.4909,38438000,248,250.4,247.53,249.55,50267520
5/17/2021,74,74.135,73.71,73.8,1952556000,11.4974,11.5035,11.446,11.46,44063000,250,255.25,249.45,255.15,41074310
5/18/2021,73.88,73.945,73.54,73.7,2197424000,11.4769,11.505,11.458,11.464,65257000,256.11,268.38,254.54,266.22,86151870
5/19/2021,73.7025,73.9,73.5275,73.79,2780452000,11.4744,11.4856,11.4397,11.46,90136000,263.9,264.5,256,260.9,93197170
5/20/2021,73.9,73.94,73.445,73.53,2271078000,11.4709,11.4709,11.4201,11.438,70423000,260.8,262.78,256.9,259.16,46502970
5/21/2021,73.5725,73.6975,73.36,73.5975,2721261000,11.4238,11.4499,11.4082,11.4418,91126000,260.04,260.7,257.12,258,29037660
5/24/2021,73.6,73.8575,73.415,73.4925,2853415000,11.4426,11.5014,11.43,11.468,102637000,258.69,261.47,257.12,261.24,24616020
5/25/2021,73.4925,73.595,73.195,73.5,1988592000,11.4734,11.486,11.44,11.4679,55470000,262.33,262.72,258.31,259.79,30568090
5/26/2021,73.445,73.72,73.2625,73.51,2548082000,11.5,11.5497,11.4775,11.5135,95566000,260.52,263.33,260.01,263.09,34571110
5/27/2021,73.51,73.5975,73.32,73.465,2379189000,11.529,11.549,11.506,11.535,120800000,261.98,263.75,261.22,262.96,57534350
5/28/2021,73.6,73.71,73.15,73.15,2632112000,11.5699,11.57,11.4801,11.504,116668000,263.79,265.93,261.35,262,35266300
5/31/2021,73.345,73.49,73.1,73.43,1467409000,11.4601,11.543,11.4601,11.5161,35844000,261,261.6,259.3,261.03,21367010
6/1/2021,73.3975,73.69,73.11,73.5075,2468470000,11.5176,11.542,11.4756,11.513,61666000,261.97,264.76,261.58,263.86,32746740
6/2/2021,73.5075,73.745,73.09,73.16,1975062000,11.5206,11.538,11.46,11.461,72051000,264.05,271.36,263.55,271.15,53327960
6/3/2021,73.16,73.3475,73.02,73.24,2082975000,11.45,11.4775,11.435,11.448,105559000,272.33,274.3,268.2,272.1,52795050
6/4/2021,73.24,73.39,72.7625,72.795,2253908000,11.446,11.4989,11.388,11.4005,64776000,271.92,276.22,269.58,274.3,54381240
6/7/2021,72.82,73.0575,72.75,72.81,1517332000,11.388,11.4192,11.38,11.41,93258000,274.05,276.7,273.85,275.67,34226150
6/8/2021,72.95,73.0275,72.27,72.3,2317782000,11.6833,11.6833,11.1238,11.304,92183000,275.5,277.58,272.91,275.36,53072570
6/9/2021,72.365,72.43,71.9825,72.305,2379184000,11.304,11.33,11.2666,11.328,78968000,275.93,276.39,273.76,275.65,28255880
6/10/2021,72.305,72.33,71.7,71.77,2818180000,11.3649,11.3649,11.226,11.24,79450000,275.4,277.77,274.32,276.1,37243570
6/11/2021,71.8,72.26,71.55,72.13,2866311000,11.2515,11.2959,11.2,11.28,45315000,276.58,278,274.85,277.05,26611040
6/14/2021,72.13,72.3775,71.9875,72.1025,944539000,11.5197,11.5197,11.24,11.2605,5113000,277.62,280.45,277.22,279.5,28175830
6/15/2021,72.095,72.35,71.73,72.18,3564859000,11.2999,11.2999,11.2047,11.274,99863000,279.92,280.14,272.63,272.72,52220420
6/16/2021,72.1025,72.71,71.62,72.5625,3577425000,11.4916,11.4916,11.21,11.285,89458000,272.99,275.23,270.12,271.8,67245290
6/17/2021,72.7,72.7,72.09,72.3225,3790208000,11.2839,11.3065,11.1831,11.2,84907000,270.9,273.89,269.1,272.5,43611060
6/18/2021,72.3275,72.865,72.0825,72.85,3637792000,11.2234,11.2879,11.1857,11.26,72573000,271.61,273.18,268.65,270.06,52681210
6/21/2021,72.965,73.345,72.735,73.1325,3276950000,11.2151,11.3219,11.2151,11.32,59053000,269.77,272.86,268.09,272.62,27431480
6/22/2021,73.1275,73.3,72.8075,72.875,2316638000,11.2881,11.3065,11.2411,11.2435,91760000,273.52,277,272.89,277,36914430
6/23/2021,72.9225,72.9825,72.35,72.6075,2792615000,11.2379,11.2444,11.1773,11.219,83864000,277.89,279.56,276.67,277.35,33546790
6/24/2021,72.57,72.6925,72.125,72.305,2375306000,11.2055,11.2145,11.1456,11.174,68688000,278.2,279.47,275.5,277.47,42556030
6/25/2021,72.2525,72.3575,72.0375,72.2025,1950711000,11.1826,11.19,11.1616,11.1844,67850000,277.8,277.92,276.12,277.19,29702030
6/28/2021,72.2675,72.31,72.0925,72.1175,1964693000,11.1759,11.1849,11.1616,11.1617,67253000,277.23,279.61,276.43,276.99,28083560
6/29/2021,72.15,72.8725,72.15,72.76,2506493000,11.1721,11.2799,11.1721,11.27,143748000,276.12,277.5,273.17,276.8,37588780
6/30/2021,72.775,73.2375,72.6425,73.135,3152743000,11.0625,11.3306,11.0625,11.3259,155207000,277.28,281.82,276.5,281.8,60312970
7/1/2021,73.23,73.535,72.8075,73.4,2699046000,11.309,11.3619,11.2637,11.3485,78293000,281.88,286.25,281.88,285.74,50045350
7/2/2021,73.34,73.81,73.14,73.24,2686565000,11.3001,11.3799,11.3,11.3155,95410000,285.7,286.19,282.8,285.65,29285170
7/5/2021,73.2625,73.6,73.2275,73.46,1445859000,11.3414,11.3845,11.335,11.367,53898000,286,291.49,285.78,291.1,34201020
7/6/2021,73.46,74.805,73.155,74.4225,3268461000,11.3589,11.531,11.3218,11.493,72898000,292,295.97,291.34,293.45,80345400
7/7/2021,74.4225,74.92,73.9425,74.7125,3357622000,11.4944,11.565,11.439,11.542,55455000,293.85,297.48,293.47,297.39,67043710
7/8/2021,74.72,75.35,74.6225,74.7375,2997890000,11.5165,11.6114,11.486,11.5151,168989000,296.45,297,290.33,292.86,52704630
7/9/2021,74.705,74.8275,74.1725,74.36,2405209000,11.5149,11.5229,11.4378,11.475,58223000,293.51,295.58,292,295.22,40962550
7/12/2021,74.2,74.8,74.2,74.44,1996548000,11.2427,11.547,11.2427,11.4925,71622000,295.53,298.48,294.9,297.39,43336120
7/13/2021,74.44,74.44,73.89,74.295,3369065000,11.4841,11.4928,11.4273,11.4685,36335000,297.77,297.77,293,293.83,49180620
7/14/2021,74.305,74.38,73.94,74.075,2021801000,11.4375,11.7186,11.4272,11.4741,59199000,282.88,286.93,282.88,284.6,52516030
7/15/2021,74.1125,74.445,74.0625,74.365,2045352000,11.479,11.5199,11.4668,11.5157,58743000,284.58,285.11,278.96,280.01,41716630
7/16/2021,74.36,74.3975,73.95,74.0725,2353559000,11.5039,11.5039,11.4171,11.44,63234000,279.38,282,278,279.65,27958640
7/19/2021,74.105,74.78,74.105,74.65,2931357000,11.4479,11.5158,11.4396,11.5,148758000,277.26,279.51,273.15,275.51,42536580
7/20/2021,74.7075,74.7275,74.3,74.37,2859899000,11.5029,11.51,11.4541,11.4675,66129000,276.79,278.68,273.1,277.3,31024530
7/21/2021,74.4625,74.5725,73.9,74.015,2221200000,11.4781,11.5103,11.4336,11.448,127332000,277.54,285.01,276,282.9,41055170
7/22/2021,74.015,74.03,73.595,73.7,2546837000,11.4321,11.4494,11.3741,11.3845,88174000,283.5,285.09,281.21,283.28,40212130
7/23/2021,73.71,73.85,73.5125,73.76,2446643000,11.3874,11.402,11.347,11.394,50242000,283.08,285,279.05,279.51,38260370
7/26/2021,73.8,74.28,73.62,73.65,2170795000,11.3781,11.4495,11.3555,11.364,83161000,277.37,281.37,276.7,281.05,27353690
7/27/2021,73.7425,73.945,73.58,73.7325,2187711000,11.3746,11.3939,11.29,11.298,49956000,280.19,280.83,276.84,278.08,28452110
7/28/2021,73.7025,73.85,73.39,73.4775,2378760000,11.3139,11.352,11.2849,11.336,243809000,278.05,282.98,277.7,282.2,32789740
7/29/2021,73.7275,73.7275,73.0125,73.1525,2080068000,11.347,11.353,11.3051,11.323,71501000,283.97,287.75,283.58,287,41127080
7/30/2021,73.185,73.4425,72.695,73.16,2739620000,11.328,11.362,11.255,11.3086,72788000,285.37,287.58,283.28,287.35,46696620
8/2/2021,73.21,73.245,72.6825,73.0575,1902573000,11.3221,11.3274,11.25,11.296,70219000,287.88,289.48,285.21,286.75,38297270
8/3/2021,73,73.2025,72.7775,72.94,2056028000,11.3059,11.32,11.265,11.283,87878000,286.77,288.05,284.34,287.09,27065240
8/4/2021,72.9325,73.295,72.7,73.17,2376896000,11.2904,11.34,11.2655,11.3325,81927000,287.89,288.8,286,287.94,23599750
8/5/2021,73.1425,73.285,72.99,73.07,2055119000,11.3075,11.3423,11.3071,11.31,125419000,287.31,288.28,285.16,285.95,47254880
8/6/2021,72.8,73.51,72.8,73.49,2474400000,11.3141,11.34,11.2965,11.34,74068000,285.26,285.72,277.87,282.27,90600850
8/9/2021,73.505,73.73,73.365,73.665,1860502000,11.3561,11.3664,11.33,11.3641,68978000,282.23,287.9,280.8,286.68,68779100
8/10/2021,73.675,74.0525,73.5,73.9175,1950303000,11.3639,11.4149,11.3445,11.3923,46011000,288,288.8,285.7,288.61,28839550
8/11/2021,73.9175,74.1425,73.35,73.365,2020864000,11.3941,11.426,11.3241,11.3241,126420000,288.92,291.49,287.12,290.35,37928360
8/12/2021,73.3775,73.6825,73.3375,73.5925,1559175000,11.3314,11.3757,11.328,11.365,55152000,290.25,293.81,290.25,293.23,37564370
8/13/2021,73.5425,73.6475,73.16,73.21,1740277000,11.3586,11.3719,11.295,11.3049,49540000,292.65,293.9,291.75,292.7,21802270
8/16/2021,73.295,73.5,73.1875,73.2375,1842518000,11.3182,11.3459,11.31,11.31,59501000,291.47,295.48,290.95,295.1,32273890
8/17/2021,73.31,73.6225,73.31,73.57,2472398000,11.3199,11.344,11.314,11.344,76877000,295.13,299.5,290.32,298.32,50482060
8/18/2021,73.595,73.875,73.35,73.82,1973826000,11.3389,11.39,11.314,11.3885,93480000,299,299.95,295,295.05,35531240
8/19/2021,73.9425,74.35,73.8775,74.2,3015442000,11.3874,11.44,11.3696,11.418,168833000,293.49,294.72,289.68,293.68,55911470
8/20/2021,74.2,74.595,74.1075,74.26,2712173000,11.4019,11.4673,11.39,11.4301,108698000,293.79,294.9,289.5,292.57,38594640
8/23/2021,74.0925,74.2,73.925,74.1225,1649195000,11.4121,11.45,11.3849,11.4494,35905000,294.7,297.94,294.1,297.69,38038340
8/24/2021,74.12,74.16,73.72,73.73,1798185000,11.4325,11.4325,11.39,11.394,89874000,299,301,295.95,298.7,48940480
8/25/2021,73.8275,74.095,73.6625,73.9325,1966874000,11.3921,11.4489,11.3814,11.435,82894000,298.71,299.2,294.37,296.7,30906470
8/26/2021,73.9025,74.48,73.8875,74.23,1760183000,11.4151,11.4904,11.4103,11.448,228283000,295.92,295.97,293.04,294.34,24990510
8/27/2021,74.3,74.3625,73.53,73.53,2482123000,11.4524,11.4524,11.379,11.3894,56988000,295.81,300,294.81,299.66,34063060
8/30/2021,73.55,73.695,73.4225,73.5,1435733000,11.3669,11.3962,11.36,11.372,100597000,301.66,305.5,299.97,305.17,69849150
8/31/2021,73.5025,73.51,73.2,73.2175,1897371000,11.365,11.3739,11.338,11.3451,42641000,305.83,307.67,304.1,305.65,64318080
9/1/2021,73.2125,73.3,72.8,72.98,2204277000,11.3514,11.3514,11.2916,11.315,110984000,306.6,313.95,306.19,312.89,79410570
9/2/2021,73.0075,73.055,72.7,72.87,1716842000,11.3159,11.3209,11.275,11.311,261605000,313.59,314.8,310.3,312.3,53349820
9/3/2021,72.9,72.9425,72.55,72.7225,1971524000,11.2994,11.323,11.2756,11.303,125580000,312.7,317.96,311.16,317.94,63637790
9/6/2021,72.75,73.06,72.7225,72.99,1288410000,11.2921,11.3279,11.2921,11.322,94467000,319,329.35,318.6,328.93,80141350
9/7/2021,72.995,73.3875,72.915,73.2725,1793911000,11.3144,11.3539,11.305,11.3475,101137000,329.95,333,325.5,327.73,71864800
9/8/2021,73.3675,73.5325,73.105,73.1475,1757223000,11.3609,11.3865,11.33,11.33,64066000,328.49,328.5,322.22,327.6,58765620
9/9/2021,73.24,73.3,72.8225,72.975,1833994000,11.3379,11.3454,11.292,11.316,140138000,326,328.14,323.5,324.57,40361580
9/10/2021,72.93,73.2225,72.685,73.175,1847935000,11.3109,11.366,11.302,11.365,42662000,326.55,330,325.5,326.43,41425440
9/13/2021,73.1725,73.2225,72.635,72.655,1727300000,11.332,11.3514,11.28,11.28,169736000,327.52,333,327.3,332.75,55356420
9/14/2021,72.7025,72.985,72.525,72.9,2195069000,11.275,11.34,11.27,11.33,188374000,333.13,339.92,332.36,338.98,97138220
9/15/2021,73.0775,73.08,72.245,72.275,2164076000,11.3229,11.3456,11.242,11.25,92997000,339.39,344.2,337.72,343.34,108811990
9/16/2021,72.3,72.63,72.2725,72.5,2312541000,11.2459,11.2669,11.2272,11.24,181276000,342,342.99,337.03,338.5,94713520
9/17/2021,72.5,72.945,72.465,72.8525,2104902000,11.265,11.28,11.2201,11.2615,111264000,338.83,339.29,333.3,334.5,61454980
9/20/2021,73.045,73.6225,72.8825,73.425,2973922000,11.2675,11.357,11.2656,11.3315,105781000,329.97,332,321.26,325.7,72882270
9/21/2021,73.505,73.505,72.9525,73.085,2182258000,11.33,11.3305,11.2592,11.2799,60860000,328.7,336.78,328.44,335.3,77355030
9/22/2021,73.045,73.12,72.605,72.9725,2881840000,11.26,11.3,11.245,11.3,70550000,338.4,341.49,337.4,340.59,60974110
9/23/2021,72.655,73.27,72.5625,72.8425,2710408000,11.235,11.2817,11.235,11.27,56546000,342,345.2,339.43,343.47,63445330
9/24/2021,72.8425,73.0875,72.705,72.7225,2185213000,11.5173,11.5173,11.255,11.255,170256000,343.67,344.9,340,344.29,40071320
9/27/2021,72.81,72.82,72.44,72.53,1742402000,11.1957,11.2575,11.1957,11.2355,193758000,347.52,355.19,347,355.19,80950780
9/28/2021,72.5475,73.03,72.4,72.795,2749052000,11.2218,11.29,11.212,11.258,265783000,359,361.8,353.68,354.07,93838880
9/29/2021,72.77,72.945,72.62,72.84,2228058000,11.2618,11.275,11.238,11.2575,167698000,354.05,360.94,352.3,360.88,60144670
9/30/2021,72.76,72.96,72.585,72.735,2496255000,11.2635,11.3095,11.24,11.298,175658000,363.26,364.53,359.53,360.8,69876200
10/1/2021,72.8775,73.245,72.655,72.73,3000041000,11.3059,11.385,11.2941,11.3225,102285000,358.45,363.78,356,363.25,47529090
10/4/2021,72.97,73.005,72.4075,72.51,2225666000,11.3,11.3229,11.24,11.2545,91764000,364.67,378.33,364.3,376.06,102227330
10/5/2021,72.5475,72.685,72.2725,72.37,2143812000,11.2629,11.282,11.22,11.2235,78277000,378.06,389.82,378.03,389.82,134521820
10/6/2021,72.38,72.7275,72.3375,72.39,2594599000,11.237,11.252,11.2,11.2275,94462000,394.98,397.64,370.25,381.3,216137070
10/7/2021,72.3975,72.475,71.6675,71.7,2890763000,11.224,11.23,11.116,11.121,98183000,382.18,384.3,361.61,370.7,160398770
10/8/2021,71.75,72.0625,71.65,71.875,2388165000,11.1324,11.1704,11.1175,11.1535,117051000,371.5,373,364.77,366.17,70161810
10/11/2021,71.875,71.9,71.555,71.865,2105525000,11.15,11.1539,11.1,11.1148,108280000,369,372.61,363.7,369.81,77995010
10/12/2021,71.865,71.9975,71.73,71.805,2512347000,11.1292,11.1589,11.115,11.135,172465000,367.26,368.85,362.25,364.1,56619460
10/13/2021,71.8175,72.135,71.75,71.97,2525523000,11.139,11.2205,11.1325,11.1985,229553000,365.24,365.44,352.71,362.77,102086460
10/14/2021,71.97,71.97,71.3275,71.345,2374786000,11.1736,11.1899,11.0824,11.095,157085000,366.4,369.7,364.35,367,59659170
10/15/2021,71.365,71.4475,70.905,71.025,2216461000,11.0863,11.1091,11.0225,11.0445,128627000,368.31,369.35,366.61,367.76,35816900
10/18/2021,71.025,71.3825,70.935,71.2875,1836252000,11.0397,11.1006,11.032,11.0935,68401000,365.01,366.45,360.15,363.5,42945850
10/19/2021,71.25,71.25,70.8125,70.8525,2068594000,11.0989,11.1325,11.0668,11.1185,91852000,364.98,368.83,362.24,368.83,51429080
10/20/2021,70.87,71.1475,70.7825,70.8025,1899372000,11.1047,11.1301,11.075,11.0802,62256000,367.9,370.75,365.5,369.97,39435100
10/21/2021,70.855,71.305,70.805,71.095,2395878000,11.1008,11.15,11.0925,11.1205,102707000,368,370.19,360.88,363.37,46351220
10/22/2021,71.38,73.725,69.815,70.3375,3067889000,11.1147,11.1259,10.9699,11.011,194977000,361.38,364.19,357.48,358.12,48056440
10/25/2021,70.3525,70.515,69.7,69.71,2610299000,11.0168,11.0571,10.9258,10.933,64182000,359.99,365.84,356.69,364.84,57268410
10/26/2021,69.71,69.78,69.21,69.5025,3122420000,10.9127,10.9377,10.859,10.9065,55813000,365.04,369.33,362.54,364.82,51713180
10/27/2021,69.5675,70.68,69.42,70.6425,3939051000,10.8942,11.0529,10.8839,11.0425,104068000,363.27,365.49,361.18,362.17,30579360
10/28/2021,70.6775,70.775,70.06,70.2025,2984113000,11.0494,11.0645,10.965,10.9905,79439000,360.96,362.02,351.62,353.21,86476220
10/29/2021,70.2025,71.02,70.195,70.955,2970894000,10.9984,11.0809,10.9895,11.068,82089000,351.1,352.6,345.4,350.18,74862900
11/1/2021,71.34,71.6625,70.725,71.56,2258986000,10.8458,11.1989,10.8458,11.194,87184000,350.3,359.3,350.3,359.1,46460760
11/2/2021,71.56,72.0125,71.38,71.5025,2354973000,11.1816,11.26,11.165,11.1769,103768000,359.16,360,351.24,352.48,42925940
11/3/2021,71.5,72.255,71.33,71.73,3303017000,11.3583,11.41,11.1253,11.38,97466000,350.55,353.86,346.62,353.02,37782790
11/5/2021,71.545,71.9725,71.0275,71.255,1153350000,11.4799,11.4799,11.1,11.1485,24122000,352,354.8,349.23,350.6,25553970
11/8/2021,71.255,71.5275,71.1225,71.2025,2093818000,11.143,11.1812,11.1267,11.156,165621000,353,356.34,348.34,351.47,39731410
11/9/2021,71.2025,71.36,70.655,70.755,2456326000,11.1559,11.1604,11.0631,11.0756,107091000,351.06,353.61,346.99,349.46,31015520
11/10/2021,70.755,71.35,70.51,71.3,2926966000,11.0914,11.147,11.0333,11.1345,128070000,349.87,351.25,344.2,345.8,35456770
11/11/2021,71.37,71.79,70.9675,71.63,2612220000,11.1505,11.23,11.0912,11.2,99282000,346.94,348.43,343.8,347.44,40212180
11/12/2021,71.61,73.22,71.5,72.8875,5342008000,11.318,11.48,11.1956,11.35,413629000,346.84,347.15,331,333.6,127163510
11/15/2021,72.72,72.85,72.005,72.5,3503403000,11.3844,11.422,11.2966,11.3665,60785000,333.81,341.81,333.67,340.3,64140420
11/16/2021,72.01,73.5025,71.1525,73.13,3478724000,11.3769,11.49,11.3606,11.445,87490000,341.48,342.85,331.61,336.79,64616650
11/17/2021,73.185,73.295,72.3225,72.5,3063185000,11.184,11.5145,11.184,11.3885,108073000,336,351.82,334.83,349.98,79007960
11/18/2021,72.64,73.3725,72.44,73.05,2976070000,11.3994,11.4836,11.366,11.451,82007000,350.05,359.32,342.28,345.56,101979450
11/19/2021,73.05,73.6775,72.6925,73.445,4068293000,11.441,11.516,11.3936,11.499,124207000,348.27,350.73,334.2,337.62,95994240
11/22/2021,73.4525,75.075,73.16,74.82,4527786000,11.4775,11.7562,11.47,11.6903,409222000,334.99,335.68,316.66,319.2,151300550
11/23/2021,74.8875,75.2925,74.0525,74.27,4611854000,11.739,11.777,11.597,11.6275,147284000,316.45,341.77,310.62,341.77,150432770
11/24/2021,74.25,75.045,74.11,74.99,3444404000,11.6261,11.7275,11.5995,11.716,125645000,343.87,348,332.75,338.3,93592790
11/25/2021,74.82,74.925,74.49,74.68,1920683000,11.7999,11.7999,11.6621,11.6906,116091000,340,343,335.7,337.55,48702100
11/26/2021,74.8875,75.9225,74.82,75.605,4007643000,11.766,11.8678,11.7565,11.8105,76426000,325,332,320.1,326,103502140
11/29/2021,74.805,75.255,74.2425,74.6,3308109000,11.715,11.784,11.629,11.6875,70782000,335,345.33,331.96,339.2,99152930
11/30/2021,74.54,75.12,73.9675,74.065,4529401000,11.6706,11.7814,11.624,11.6395,70257000,332.48,342.55,331.5,334.24,130276980
12/1/2021,74.07,74.3875,73.7,74.2775,3421921000,11.6185,11.7851,11.5775,11.655,109256000,338.57,350.37,337.61,345.21,92906220
12/2/2021,74.75,74.75,73.5225,73.64,2934910000,11.6444,11.6559,11.5366,11.57,49123000,347.3,352.67,344.8,350.3,75360830
12/3/2021,73.8425,73.98,73.3,73.8325,2440547000,11.5824,11.6024,11.52,11.59,58130000,351.5,353.13,343.21,345.99,51627900
12/6/2021,73.7975,74.4525,73.5025,74.31,3289020000,11.5724,11.67,11.5301,11.6625,103687000,347.27,349.36,333.35,338.94,70924550
12/7/2021,74.635,74.635,73.8425,74.06,3572353000,11.92,11.92,11.5558,11.64,106749000,339.25,346,333.43,344.96,75507480
12/8/2021,73.97,74.055,73.51,73.5875,2745441000,11.6349,11.6562,11.5876,11.5876,117184000,346,348.47,336.53,340.5,78321390
12/9/2021,73.6475,73.77,73.47,73.685,2508249000,11.6049,11.75,11.5247,11.56,73175000,341.45,344.2,335.72,336.6,61406510
12/10/2021,73.7025,73.79,73.2625,73.3725,2325992000,11.5849,11.588,11.498,11.5,56566000,337.02,338.31,329.98,332,44642520
12/13/2021,73.405,73.705,73.2475,73.4975,2329608000,11.5299,11.5649,11.506,11.5375,67030000,333.09,334.88,305.76,307.26,140577980
12/14/2021,73.5375,73.91,73.405,73.8,2325276000,11.5499,11.5974,11.5254,11.575,171509000,306.99,320,289.78,319.35,168672960
12/15/2021,73.845,74.375,73.6625,73.71,2605406000,11.5926,11.659,11.561,11.57,253547000,319.65,325.83,316.5,324.09,79742820
12/16/2021,73.7,73.865,73.345,73.7525,2343555000,11.5649,11.58,11.51,11.565,134375000,326.18,332.3,325.38,328.39,95469330
12/17/2021,73.75,74.27,73.56,74.13,2743375000,11.5651,11.6349,11.51,11.61,90494000,327.98,329.7,323.03,327.3,72099410
12/20/2021,74.31,74.5,74.055,74.145,2533417000,11.5501,11.785,11.5501,11.6175,536306000,324,326,316.11,325.9,70795770
12/21/2021,74.0775,74.13,73.72,73.9525,2702722000,11.6149,11.6199,11.56,11.6,144249000,326.75,339.88,326.5,339.88,80061070
12/22/2021,74.1175,74.2175,73.6,73.74,2217571000,11.6151,11.6199,11.5356,11.565,125912000,340.01,349.59,339.29,345.55,96809420
12/23/2021,73.605,73.67,73.185,73.3,2558339000,11.5599,11.5599,11.487,11.51,116114000,346.1,348.32,337,339.81,72129000
12/24/2021,73.3575,73.735,73.13,73.65,1548645000,11.5124,11.5724,11.4763,11.56,90793000,339.3,340.98,334.55,338.79,39005950
12/27/2021,73.6675,73.6725,73.0825,73.4325,2150743000,11.5449,11.5512,11.47,11.52,188905000,339.68,343.97,339.33,343.97,29925890
12/28/2021,73.425,73.8825,73.33,73.7175,2102355000,11.5176,11.5919,11.5119,11.5675,61028000,344.04,346.6,342.55,343.23,34848840
12/29/2021,73.705,74.2075,73.535,73.9925,2666721000,11.5824,11.6449,11.547,11.6325,68609000,343.3,344.48,337.13,340.33,43005060
12/30/2021,73.9425,75.15,73.9425,74.68,3546053000,11.82,11.82,11.6325,11.7175,36876000,340.75,344,337.4,342.39,40853240
1/3/2022,74.6775,75.1975,74.175,74.5425,906834000,11.7725,11.82,11.65,11.685,2798000,345.01,353.88,344.3,353.73,40057980
1/4/2022,74.55,75.585,74.4375,75.3625,1283695000,11.695,11.845,11.685,11.815,7261000,353.99,358.1,348.35,352.55,52693510
1/5/2022,75.36,76.9,75.315,76.8,1713294000,12.218,12.218,11.8172,12.0325,5442000,351.9,353.5,331.55,335,80969440
1/6/2022,76.7925,77.345,76.01,76.3175,2557842000,12.045,12.21,11.87,11.935,44281000,335.8,347.67,330.11,346.13,74572470
1/7/2022,76.32,76.53,75.09,75.75,1483833000,11.9225,11.9651,11.7601,11.8375,1497000,#N/A,#N/A,#N/A,#N/A,#N/A
1/10/2022,75.5,75.5875,74.8525,75,3528776000,11.825,11.8443,11.7291,11.775,71193000,348.33,351,340.51,344,51047490
1/11/2022,74.98,75,74.4125,74.45,2725856000,11.7474,11.7556,11.6725,11.6725,123897000,344.68,347,341.27,343.74,41961140
1/12/2022,74.485,74.9025,74.31,74.7075,3298411000,11.6924,11.7724,11.664,11.7502,140130000,344.11,348.64,339.57,347.43,53443260
1/13/2022,74.7075,76.62,74.4625,76.2575,5418855000,11.7349,12.026,11.7054,12,214005000,347.11,347.5,333.49,337.6,118257640
1/14/2022,76.325,76.99,75.5975,76.21,5442943000,12,12.15,11.6387,11.995,228654000,338.59,340.96,321.51,335.76,120546960
1/17/2022,76.2275,76.8025,75.6125,76.0925,4416183000,12.0074,12.0825,11.91,11.9925,83759000,335.91,338.95,319.17,327.81,96925780
1/18/2022,76.14,77,75.9975,76.91,4899872000,12.0174,12.1075,11.9801,12.1075,61277000,329.15,329.3,296.7,301.11,220096130
1/19/2022,77.0575,77.17,75.8175,76.1775,4722503000,12.1201,12.1413,11.9475,12,82772000,300,320.42,282.72,318.36,220036310
1/20/2022,76.195,76.7925,75.99,76.6825,3696565000,12.0049,12.0999,11.9826,12.0725,73612000,318.36,326.69,310.07,310.42,130261430
1/21/2022,76.73,77.5375,76.265,77.425,4596151000,12.1174,12.2274,12.025,12.2125,57426000,309.49,321.99,303.5,311.6,119002830
1/24/2022,77.24,79.5,76.9775,78.7625,6543489000,12.1726,12.5534,12.1471,12.44,220883000,310.78,314,280.6,294.59,236346280
1/25/2022,78.7925,79.355,78.25,78.6325,3712356000,12.8359,12.839,12.268,12.4225,268864000,293.9,305,289.62,302.96,143155040
1/26/2022,78.6825,80.4125,78.525,79.4175,5027670000,12.4499,12.6924,12.4174,12.5555,139548000,302.9,307.7,293.7,299.6,125060870
1/27/2022,79.5,79.7425,77.3825,77.96,4881824000,12.545,12.5608,12.16,12.265,99009000,296.85,330,294,325.25,216008170
1/28/2022,77.9575,78.3,77.37,77.8,4453518000,12.2725,12.3199,12.1763,12.2375,144537000,325.51,334.9,322.05,329.58,116166660
1/31/2022,77.8025,77.86,77.2425,77.315,2841231000,12.2124,12.2124,12.1008,12.1675,165769000,330.92,336.41,330.52,334.8,69903820
2/1/2022,77.32,77.38,76.395,76.805,3318725000,12.12,12.155,12.01,12.0725,63615000,334.94,336.63,325.3,330.95,67998200
2/2/2022,76.7875,76.7925,75.6775,76.04,3732525000,12.0475,12.0599,11.9076,11.97,84965000,332.39,333.7,325.7,331.7,54751740
2/3/2022,76.1475,76.825,76.12,76.4475,3562495000,11.9974,12.0949,11.986,12.04,141771000,329.99,331,322.3,323.75,57592210
2/4/2022,76.4325,76.48,75.6525,75.83,3198922000,12.2899,12.2899,11.9,11.92,99817000,325.5,334.5,320.88,324.6,88647300
2/7/2022,75.84,76.0775,75.395,75.475,2555357000,11.9649,11.9649,11.8481,11.8725,64211000,324.53,327.44,316.64,321.25,56290530
2/8/2022,75.475,75.58,74.99,75.0075,3169268000,11.8799,11.8799,11.77,11.785,46686000,321.45,331.87,319,331.7,77965300
2/9/2022,75.035,75.09,74.5,74.74,2830026000,11.8049,11.8049,11.7076,11.74,113548000,332.3,336,330.18,335.08,63254680
2/10/2022,74.7375,75.05,74.255,75.01,3878181000,11.7624,11.7949,11.6876,11.78,165947000,335.41,335.47,328.1,328.93,61929870
2/11/2022,75.095,77.62,74.8125,77.1675,5414334000,11.8076,12.1825,11.76,12.115,157140000,328.95,328.95,316.2,318.1,100750430
2/14/2022,77.2825,78.29,75.93,76.76,6611965000,12.1999,12.3421,11.95,12.085,196435000,314.1,324.9,303.25,321.85,121203060
2/15/2022,76.5075,76.8,75.11,75.3125,5356717000,12.0151,12.0875,11.848,11.9125,165792000,322.5,335.5,322.44,333.6,96875770
2/16/2022,75.35,75.4725,74.8325,75.2525,3764122000,11.8651,11.9,11.8083,11.8824,74980000,335.86,339.98,331.62,336.5,77128130
2/17/2022,75.33,76.7175,75.3275,76.2825,5005198000,11.945,12.1081,11.93,12.065,122642000,336.36,336.36,322.04,323.51,102149710
2/18/2022,76.195,77.495,75.63,77.3,5082724000,11.9876,12.2449,11.9626,12.225,72417000,325.6,329.32,306.7,309.48,125452970
2/21/2022,77.625,80.065,76.145,79.78,9241643000,12.4297,12.6615,12.055,12.6175,220615000,309.47,318.9,241,257.3,413243360
2/22/2022,79.9775,80.97,78.49,78.8,8721209000,12.5001,12.7683,12.4151,12.445,212704000,253.95,284.07,246.7,283.51,324922990
2/23/2022,78.8,81.3975,78.5325,81.16,3171589000,12.4624,12.8974,12.4201,12.8225,9399000,#N/A,#N/A,#N/A,#N/A,#N/A
2/24/2022,82.95,89.6,82.5,85.25,8931858000,12.99,15.3373,12.9,15.3373,50115000,255.02,255.02,126.53,210,413550130
2/25/2022,85.9875,86,81.69,83,5251585000,13.75,16.1999,12.5,13.6071,77040000,208.01,244.94,191.6,228,211877250
2/28/2022,90,109.185,85,94.6025,1757119000,14.3999,17.4705,14.3999,16.501,80920000,#N/A,#N/A,#N/A,#N/A,#N/A
3/1/2022,98.915,101.4925,89.085,101.2325,1801153000,16.7,17.5,14.55,16.7,68263000,#N/A,#N/A,#N/A,#N/A,#N/A
3/2/2022,101,110,94,106.02,1718166000,17.7725,17.933,15.7725,17.52,106770000,#N/A,#N/A,#N/A,#N/A,#N/A
3/3/2022,99,118.35,97.27,106.01,2396763000,18.9199,19.1374,16.987,19,419330000,#N/A,#N/A,#N/A,#N/A,#N/A
3/4/2022,108.71,116.04,100.0025,105,1189628000,19,20.5,18.5069,20.02,318348000,#N/A,#N/A,#N/A,#N/A,#N/A
3/9/2022,113.8825,120.83,113.8825,120,575545000,21.35,23.0126,20.15,21.3999,400660000,#N/A,#N/A,#N/A,#N/A,#N/A
3/10/2022,120,121.5275,115.0225,118.5,701822000,22,22.2899,19.5965,20.1318,357511000,#N/A,#N/A,#N/A,#N/A,#N/A
3/11/2022,118.5075,118.5075,113.13,114.2525,740519000,20.9,20.9169,18.4594,18.92,385446000,#N/A,#N/A,#N/A,#N/A,#N/A
3/14/2022,116.2,117,109.95,114.1025,736704000,20,20,17.4278,17.9,681809000,#N/A,#N/A,#N/A,#N/A,#N/A
3/15/2022,110.505,114.1025,109.25,110.1,610587000,19.1853,19.1853,17.01,17.755,358094000,#N/A,#N/A,#N/A,#N/A,#N/A
3/16/2022,110.1,110.1,105.1,108,528372000,17.7,18.4399,16.9001,17.85,499305000,#N/A,#N/A,#N/A,#N/A,#N/A
3/17/2022,107.195,107.195,103.0025,103.15,1027027000,17.85,18,16.5,16.516,597923000,#N/A,#N/A,#N/A,#N/A,#N/A
3/18/2022,103.145,105.6,101.7,104.82,776669000,16.82,17.38,16.21,16.6127,584893000,#N/A,#N/A,#N/A,#N/A,#N/A
3/21/2022,101.0925,105.9,101.0925,104,784215000,16.827,16.9727,16.4,16.4082,724910000,#N/A,#N/A,#N/A,#N/A,#N/A
3/22/2022,104,104.345,103,103.55,719342000,16.4082,16.5881,16.3101,16.38,533360000,#N/A,#N/A,#N/A,#N/A,#N/A
3/23/2022,103.55,104.735,94.9875,97.7375,1050232000,16.4,16.557,15.55,15.6,807477000,#N/A,#N/A,#N/A,#N/A,#N/A
3/24/2022,97.7375,98.1025,95.5,97,745716000,15.4,15.9699,14.92,15.299,922810000,251.41,278.9,232,258.51,78576580
3/25/2022,97,99.855,92.0375,96,1640931000,15.47,15.5512,14.706,15.468,570119000,263.99,269.33,225.6,227,67191030
3/28/2022,96,96.5,89.06,89.75,1035830000,15.49,15.673,14.7002,14.8101,682429000,225.25,229.45,213.03,218.6,24680170
3/29/2022,89.75,90,82.9525,85.25,987736000,14.8134,15.0696,13.05,13.69,1069312000,220,226,206,208,40309120
3/30/2022,85.25,86.6,82.5475,84.55,1309142000,13.7105,14.17,13.221,13.47,1010998000,211.02,219.41,210.52,216,38559960
3/31/2022,84.55,84.55,83,83.2,815504000,13.47,13.6,13.15,13.4096,710739000,218.98,249,217.1,242.48,83862320
4/1/2022,83.2,84.5,80.3325,83.95,720829000,13.4096,13.4879,13.15,13.35,1057287000,245.9,258.7,242.48,251.4,50423650
4/4/2022,84.9,85.315,82.9075,84,521961000,13.2501,13.496,13.201,13.34,677711000,254.04,259.99,237.31,252.9,40926330
4/5/2022,83.9,83.9,82.7,83.3125,561639000,13.356,13.4,13.15,13.3055,702932000,254.01,256.39,231.45,243.5,39850580
4/6/2022,83.3125,83.68,79.01,79.7,706157000,13.339,13.45,12.969,13.079,946204000,238.73,247.8,234.41,239.7,20530890
4/7/2022,79.72,80,74.2625,75.75,1162082000,13.079,13.115,12.0401,12.44,1333005000,240.04,246.8,239.13,245,22367990
4/8/2022,75.75,76.26,71,76.08,1344670000,12.4405,12.5932,11.862,12.23,1486623000,246.79,246.79,240,241.07,14799110
4/11/2022,81.9,82.095,77.82,79.065,1107534000,12.88,13.2399,12.3825,12.545,1994876000,241.9,242.78,234.16,234.55,15637750
4/12/2022,79,80.29,78.5625,79.68,936796000,12.545,12.682,12.4001,12.5301,989659000,234,236.63,223,236.3,26615790
4/13/2022,79.68,80.3,79.305,79.8675,1009084000,12.55,12.744,12.45,12.7368,771124000,237.99,239.64,232.13,234.87,12663510
4/14/2022,79.85,82.86,79.525,80.8975,1091373000,12.73,13.0959,12.5333,12.729,1329319000,234.9,235.5,221.1,222.11,21906730
4/15/2022,81.15,81.3,79.185,79.995,732038000,12.77,12.8175,12.551,12.718,935654000,221.99,226.65,215.74,224,19933030
4/18/2022,80.46,80.86,78.755,79.75,1023265000,12.75,12.855,12.451,12.615,1186977000,224.29,226,216.6,216.99,15584460
4/19/2022,79.75,79.7975,78.0125,78.515,805833000,12.615,12.6339,12.255,12.31,1009024000,216.9,222,207,220.72,30669110
4/20/2022,78.6,78.6,71.885,76.4125,1126578000,12.3087,12.3087,11.96,12.12,1221229000,221.43,229.84,215.63,218.92,33569140
4/21/2022,76.75,76.75,73.3125,74.785,1199142000,12.021,12.14,11.514,11.93,1262588000,220.03,221,210.29,210.29,24292390
4/22/2022,75.43,77,72.7,75.45,1632297000,11.9,11.93,11.205,11.6,1270134000,210.5,215,207.01,208,28717940
4/25/2022,75.455,75.56,72.9325,73.125,1375667000,11.622,11.65,11.08,11.2399,996851000,209.95,209.95,201.12,206.35,18767820
4/26/2022,73.125,73.525,72.06,73.525,1290136000,11.2399,11.291,11.02,11.1216,1145281000,207.97,229.74,206.54,225.85,46484770
4/27/2022,73.15,73.49,72.5125,72.78,1033978000,11.1276,11.21,11.0425,11.145,848616000,226.04,237.5,221.61,237.15,48219530
4/28/2022,72.78,72.78,71.7,72.08,1320529000,11.1311,11.2878,10.8616,11.15,1245100000,239.4,249,235.5,237.53,68889640
4/29/2022,72.1,72.3975,70.3075,70.96,1352902000,11.05,11.1059,10.679,10.86,1392325000,238.58,245.43,238,240.4,43392920
5/4/2022,70,70.93,66.3,66.3,1201868000,10.7225,10.7313,10.0181,10.0409,1506828000,241.01,244.39,233.12,234.16,20919150
5/5/2022,66.695,67.825,65.3125,67,1129571000,10,10.398,9.91,10.2352,1425898000,235.58,239.4,235.08,238.6,14781210
5/6/2022,67.06,70.25,65.83,69.4025,1456200000,10.23,10.65,9.91,10.5001,1464369000,238.5,242.92,235.1,240.1,17969460
5/11/2022,69.45,70.2025,66.4975,67.2,1454425000,9.7192,10.524,9.7192,10.06,1809562000,239.77,243.35,237.58,241.99,16477840
5/12/2022,66.93,67.4175,63.2,63.3,1390791000,10.046,10.1,9.336,9.336,1454754000,241.88,241.89,227.22,230.56,24397760
5/13/2022,63.4875,65.4775,62.625,64.545,1610518000,9.4154,9.65,9.15,9.55,1101627000,232.12,237.2,229.02,235.52,17291690
5/16/2022,64.48,64.48,62.7125,63.4,1526659000,9.5,9.5596,9.25,9.468,1176868000,234.99,246.95,233.11,244.2,28222680
5/17/2022,63.39,64.03,63.1025,63.6,1460348000,9.462,9.588,9.36,9.5849,926861000,246.02,260,245.3,258.8,59981560
5/18/2022,63.6,64.0925,62.9775,63.445,1241275000,9.58,9.6,9.3115,9.3975,1432912000,261.02,269.42,261,264.84,51077950
5/19/2022,63.7875,63.7975,61.55,61.905,1369917000,9.41,9.42,9.13,9.175,1494042000,268,269.78,262.65,266.68,24769920
5/20/2022,62,62.265,57.075,60.2325,3210733000,9.1702,9.25,8.6695,8.9298,2786315000,268.46,268.9,260.41,263,27534560
5/23/2022,60.3475,60.4825,57.1575,57.8675,2705207000,8.9303,8.9886,8.6928,8.75,1542435000,265.44,273,263,263,30528440
5/24/2022,58,58.2,56.18,56.8,2324882000,8.7811,8.85,8.58,8.632,1656060000,262.99,267.29,250.4,265.8,52284340
5/25/2022,56.5,60.7925,55.8,59.33,3512760000,8.655,9.474,8.4061,9.4007,2306682000,268.4,271.66,263.8,271.4,37448790
5/26/2022,59.98,65.83,59.59,65.26,3359146000,9.43,10.3133,9.2125,9.891,2454911000,273,298.31,245,295.89,146238060
5/27/2022,66.475,67.495,64.89,66.7,2587372000,9.8999,10.3795,9.8115,10.0479,3330652000,300,305,293.53,294.5,53491660
5/30/2022,67.2125,67.2125,61.025,62.25,2978135000,10.01,10.1936,9.3551,9.4744,2038122000,298.64,302,296.28,300.8,30751410
5/31/2022,62.9975,63.465,60.5,61.5,2076745000,9.539,9.68,9.2,9.47,2123796000,301.87,302,293.51,293.75,19483010
6/1/2022,61.46,62.32,61.035,61.28,1397401000,9.465,9.5519,9.28,9.306,1283095000,293.51,299.5,290.25,297.69,22504010
6/2/2022,61.3,61.95,60.875,61.65,1538854000,9.3299,9.44,9.2523,9.3401,1062191000,297.7,299.33,294.9,296,16674500
6/3/2022,61.42,62.615,60.25,60.95,1569236000,9.39,9.5025,9.334,9.3941,2091106000,296.1,297.24,291,297,18742740
6/6/2022,60.8,61.9725,60.4,61.0175,1509184000,9.405,9.485,9.2513,9.3214,1869962000,298,299,295.12,296.5,14699600
6/7/2022,61.2925,61.555,60.39,61.0425,1191561000,9.3214,9.3975,9.214,9.3081,1230195000,297.37,298.69,294.52,297.99,15656500
6/8/2022,61.25,61.3975,59.0225,59.4,1589120000,9.3367,9.3797,9.15,9.2497,1915917000,298.8,309.6,298.16,308,40345320
6/9/2022,59.3,59.8,57.4075,59.35,2157964000,9.202,9.3467,8.88,9.1114,2214745000,309.97,310.52,303.2,306.5,26287360
6/10/2022,59.4,59.6425,56.25,56.8,2318516000,9.109,9.199,8.529,8.777,2154676000,306.48,310.98,305.06,309.2,20321460
6/14/2022,56.9,58.3375,55.63,56.6,2199693000,8.75,8.877,8.313,8.52,3553317000,308.98,322.77,307,317.69,47441270
6/15/2022,56.71,57.2175,56.3225,56.96,1668417000,8.5211,8.67,8.4657,8.62,2645851000,318.99,322.99,314.11,316.2,33652300
6/16/2022,57.1,57.2725,56.425,56.5,1726090000,8.6706,8.7097,8.496,8.6265,2003603000,316.55,318.25,314.5,316.99,23466240
6/17/2022,56.85,57.055,56.16,56.41,1306128000,8.6265,8.6746,8.43,8.43,3013693000,317.58,317.7,313.5,315.5,13072610
6/20/2022,56.62,56.87,55.44,55.63,1796300000,8.47,8.5447,8.39,8.439,2431893000,316.07,318,311,311.98,21010920
6/21/2022,55.7875,55.85,53.72,53.775,1838026000,8.44,8.4639,8.1135,8.129,2844650000,312.31,312.86,300.77,301.58,50618050
6/22/2022,53.75,53.95,52.8,53.15,1840699000,8.131,8.1504,7.9282,8.035,3190451000,300.1,301.91,294.36,295.8,48668440
6/23/2022,53.15,53.95,52.8625,53.465,2292790000,8.035,8.092,7.9305,8.0186,3024731000,295.81,304.6,291.1,303.5,46696840
6/24/2022,53.85,53.85,53.08,53.4,1693820000,8.02,8.1784,7.975,8.1634,3072796000,304.1,307.45,295.55,296,35835180
6/27/2022,53.43,54.4975,53.055,53.385,1717389000,8.1635,8.3174,7.967,8.0501,2689979000,296,299.8,295.1,296.2,22091320
6/28/2022,53.44,53.46,51.6025,51.8,1524786000,8.08,8.09,7.7675,7.83,3210483000,296.8,303.88,293.22,297.2,39920600
6/29/2022,51.85,53.37,50.0125,53.2375,2770295000,7.828,8.2277,7.5011,8.2031,4111697000,297.91,300.78,293.8,297.65,34110040
6/30/2022,53.295,53.65,51.22,51.45,2538579000,8.2102,8.489,7.912,7.9901,4201105000,299.6,310.82,200,207,307937340
7/1/2022,52,55.87,51.1025,54.5,2452074000,8.0142,9.01,7.93,8.7511,3835216000,200.84,201.85,186.2,192.5,113621040
7/4/2022,55.46,56.505,54.5025,55.24,2623601000,8.79,9.044,8.45,8.675,3858607000,191.98,195.44,181.2,186.25,82829080
7/5/2022,55.7775,62.3,55.295,61.15,2822348000,8.678,9.475,8.6064,9.3999,4905399000,186.3,199.87,185.2,197.3,75951460
7/6/2022,62.13,64.9525,61.1725,63.35,2169303000,9.4,9.8421,9.3811,9.7485,3916780000,197.78,205.78,194.44,195.42,82287890
7/7/2022,63.7,64.4675,61.605,61.95,1602452000,9.7485,9.89,9.3641,9.5355,3269918000,195.45,199.47,192.36,197.92,43640940
7/8/2022,62,62.02,60.7,60.92,1550278000,9.535,9.535,9.19,9.2762,2635806000,200.01,201.87,196.57,198,28708030
7/11/2022,61.29,61.875,58.735,58.9,1376553000,9.21,9.2887,8.855,8.902,3286403000,198.01,199.43,188.79,188.9,46480130
7/12/2022,58.9,59.57,57.16,58.94,2045253000,8.8995,8.9096,8.506,8.8418,3435596000,189.18,193,184,191.4,46422510
7/13/2022,59.2,59.3875,57.8625,58.27,1750919000,8.86,8.895,8.6202,8.7052,4072224000,191.2,194,185.3,186,33168820
7/14/2022,58.4,58.655,57.7125,58.3,1426818000,8.7,8.739,8.5415,8.6563,2906043000,186.3,188.1,183.11,184.55,29072130
7/15/2022,58.495,59.0525,56.5,57.165,1538154000,8.65,8.815,8.43,8.5901,3534447000,184.7,188.9,183.22,187.61,22991690
7/18/2022,57.185,57.3575,56.2,56.34,1539342000,8.6,8.6285,8.3551,8.44,3239573000,188.91,189.5,185.52,186.7,16920940
7/19/2022,56.36,56.39,54.8575,55.4525,2188061000,8.4393,8.4393,8.1518,8.3,4182186000,186.1,189.6,184.6,189.51,22570310
7/20/2022,55.35,55.4825,54.57,55.02,1702637000,8.27,8.27,8.1111,8.15,4123791000,190.01,195.8,190,193.3,43995650
7/21/2022,55.2975,58.8925,54.7075,56.6475,2749496000,8.14,8.7186,8.104,8.52,6660744000,194.65,195.45,188,189.59,27751520
7/22/2022,57.38,58.6475,56.435,57.29,2171651000,8.524,8.7789,8.4611,8.5837,6147751000,189.3,192.95,188.6,192.25,17804370
7/25/2022,57.6925,58.3,57.05,58.11,1949047000,8.584,8.719,8.5439,8.6894,7781002000,192.61,194.65,190.56,192,22091280
7/26/2022,58.35,61.055,58.02,60.55,2085427000,8.6952,9.237,8.6952,9.2,7576102000,192,194.49,191.2,193.95,19947370
7/27/2022,60.88,61.2,59.06,59.88,1959639000,9.23,9.263,8.878,8.9971,7816714000,194.51,197.5,194.1,196.49,28307100
7/28/2022,59.51,61.25,59.2,60.82,2227323000,8.98,9.1898,8.9002,9.1401,6839247000,198.03,198.79,195,196.25,21848760
7/29/2022,60.8525,62.2725,60.525,61.62,1914367000,9.1251,9.3661,9.0802,9.3299,6465401000,196.2,196.8,193.5,195.26,14108820
8/1/2022,61.315,62.6675,59.3,60.17,1785906000,9.27,9.458,8.807,9.033,7447767000,194.5,194.69,192,192,13034930
8/2/2022,60.295,60.4975,59.445,60.295,1731163000,8.976,9.048,8.852,8.97,6579451000,191.56,191.68,186.8,187.16,24267570
8/3/2022,60.1975,60.89,59.88,60.58,1281023000,8.98,9.045,8.852,8.986,5657970000,187.59,188.97,186.31,187.04,12005960
8/4/2022,60.76,61.05,60.0275,60.35,1522319000,9.02,9.063,8.889,8.94,5923497000,187.04,187.22,184.3,184.9,13313950
8/5/2022,60.38,60.6675,60.07,60.58,1994051000,8.95,9.074,8.906,9.052,7951826000,184.75,185.62,175.75,176.58,49069120
8/8/2022,60.5,61.45,59.9225,60.755,1888430000,9.029,9.089,8.888,9.027,7084190000,180,181.82,177.25,177.86,32498370
8/9/2022,60.8975,60.8975,60.0375,60.1475,1578410000,9.028,9.041,8.912,8.924,6593271000,178.01,181.38,175.2,181.04,24395270
8/10/2022,60.14,60.69,60.06,60.665,2190658000,8.92,9.095,8.904,9.09,6041806000,181.03,182.33,178.53,178.81,20411200
8/11/2022,60.5975,60.7825,60.5375,60.67,2206385000,9.07,9.076,8.988,9.026,6335030000,179.47,180.63,173.51,174.1,26740660
8/12/2022,60.67,61.08,60.1025,60.605,2360441000,9.04,9.067,8.95,8.995,6263245000,174.5,175.88,172.29,174.36,20387000
8/15/2022,60.6,61.6825,60.4275,61.225,1945585000,8.983,9.09,8.951,9.03,5694790000,174.06,175.5,172.4,174.8,18459840
8/16/2022,61.4875,61.635,60.565,60.9,1224964000,9.038,9.065,8.924,8.97,7385937000,175.4,181.61,174.7,181.3,33028840
8/17/2022,60.93,61.27,60.035,60.75,1481365000,8.97,9.02,8.816,8.901,6235905000,181.9,182.49,176.4,176.5,24163520
8/18/2022,60.5,60.82,58.8975,59.5325,1365028000,8.91,8.926,8.68,8.756,8035209000,176.4,179.37,175.5,178.87,16013520
8/19/2022,59.65,59.65,57.7,59.1,1241190000,8.747,8.759,8.534,8.61,6731122000,178.78,178.9,176.6,177.6,9186770
8/22/2022,59.23,60.115,59.1325,59.87,1505641000,8.65,8.78,8.62,8.711,5929032000,177.4,182.2,176.88,181.7,22743510
8/23/2022,59.92,60.4075,59.615,59.89,1129795000,8.715,8.787,8.68,8.72,6250408000,182.28,185.8,182.1,184.3,26881370
8/24/2022,60.0925,60.15,59.75,59.8875,1125264000,8.735,8.76,8.695,8.748,6404964000,184.69,186.66,182.19,182.83,17546040
8/25/2022,60,60.2675,59.55,60.145,1476516000,8.747,8.768,8.7,8.755,5395925000,183.01,184.6,180.8,181.9,14878330
8/26/2022,60.19,60.5,59.78,60.5,1067137000,8.762,8.769,8.72,8.765,4671186000,181.8,184.2,180.5,183.62,12987730
8/29/2022,60.4525,60.6525,60.0725,60.3975,922462000,8.76,8.763,8.7,8.726,4583952000,183.14,190,182.65,190,30524050
8/30/2022,60.3275,60.5875,59.8475,59.94,1061371000,8.73,8.755,8.652,8.675,4681889000,190.45,204.2,190.45,204,112456600
8/31/2022,60.2,60.65,59.6125,60.23,1201379000,8.6,8.782,8.6,8.72,5939741000,241.82,275.96,241.82,254.9,239153230
9/1/2022,60.25,60.455,60.0025,60.31,952110000,8.73,8.756,8.698,8.727,3268036000,258,259.85,247.62,249.11,83245830
9/2/2022,60.3525,60.85,60.2175,60.58,1146943000,8.731,8.825,8.728,8.805,4478311000,249.67,253.95,246.22,252.8,37717530
9/5/2022,60.7,61.45,60.3,60.87,1591428000,8.817,8.854,8.717,8.738,3727124000,251,252.11,248.55,250,30105590
9/6/2022,60.845,61.235,60.62,61.235,1152854000,8.74,8.774,8.713,8.765,4739958000,249.99,250.2,241,246,51474990
9/7/2022,61.195,61.555,60.76,60.79,1026016000,8.767,8.809,8.728,8.732,4252468000,245.8,245.8,241.55,241.55,31427210
9/8/2022,61,61.1375,60.5,60.73,1117709000,8.752,8.775,8.714,8.731,3781038000,241.55,245.3,237.84,243.95,39048150
9/9/2022,60.7075,60.71,60.28,60.6,1154808000,8.73,8.75,8.697,8.723,3206048000,244.41,247.2,242.16,245.34,27159830
9/12/2022,61,61.0525,60.14,60.24,1296086000,8.723,8.76,8.7,8.713,4634553000,243.98,247,241.06,243.3,31161380
9/13/2022,60.31,60.53,59.65,59.9,1427225000,8.713,8.744,8.556,8.595,5325623000,243.9,245.29,241.8,242.64,21615440
9/14/2022,59.9,60.15,59.5525,59.885,1443570000,8.61,8.618,8.546,8.588,5382457000,242.29,243.39,240,243.32,19813560
9/15/2022,59.9925,60.4975,59.45,59.8,1892614000,8.587,8.599,8.512,8.571,4989572000,243.33,244.3,241.91,243.68,22149890
9/16/2022,60.02,60.31,59.805,60.275,1573342000,8.575,8.58,8.522,8.546,4724081000,243.67,248.2,241.83,243.8,37338570
9/19/2022,60.3,60.645,59.0025,60.16,1452052000,8.552,8.633,8.525,8.559,6377397000,243.2,245.91,242.71,244.21,21276160
9/20/2022,60.3075,60.6,59.9025,60.6,1385346000,8.566,8.648,8.525,8.645,8365835000,242.35,243.45,200.01,221.15,212899230
9/21/2022,61,62.7975,60.2625,60.69,1879821000,8.648,8.85,8.533,8.577,10529386000,196.49,218.78,192,214.07,98217480
9/22/2022,61,61.25,58.5625,58.84,2076445000,8.577,8.636,8.274,8.303,10288918000,215.18,237.77,215.18,231.45,126395250
9/23/2022,58.8,60.35,56.6525,57.92,2539292000,8.303,8.401,7.94,8.092,13124891000,233.4,234.5,222.22,224.84,62751550
9/26/2022,58.1875,59.2375,57.2,58.395,1717425000,8.09,8.187,8.001,8.12,10680419000,219.87,221.9,200.62,206,103489990
9/27/2022,58.05,58.9825,57.85,58.4575,1665137000,8.12,8.192,8.08,8.155,9427736000,211.2,217.36,207.12,217.3,81170240
9/28/2022,58.76,58.9375,56.955,57.54,2084321000,8.156,8.179,7.975,8.023,9247729000,216.97,223.7,208.66,217.38,83279880
9/29/2022,57.6,58.1675,56.545,57.21,2351861000,8.039,8.164,7.912,8.12,12065381000,219.5,226.8,210.51,226.46,70015930
9/30/2022,56.9025,58.61,53.23,58.45,2147153000,8.121,8.545,8.017,8.341,12213307000,231.68,238.72,189.42,217.7,245511710
10/3/2022,58.2875,59.65,56.76,58.86,1176722000,8.355,8.454,8.016,8.268,8611154000,219,220.55,213.63,215.83,50567310
10/4/2022,58.4,59.5875,58.34,58.95,1008745000,8.281,8.328,8.155,8.199,7791399000,216.49,216.7,208.8,210.72,49717960
10/5/2022,58.95,60.4475,57.41,60.1725,1003878000,8.2,8.589,8.149,8.575,6962898000,211.46,211.49,202.85,209.05,53159360
10/6/2022,60.7775,60.97,59.6425,60.9025,927949000,8.553,8.68,8.502,8.555,8221521000,210.02,216.88,209.06,212.86,51618400
10/7/2022,60.7975,61.7,60.36,61.0025,1308056000,8.56,8.657,8.493,8.497,9987489000,212.84,212.84,195.01,195.15,101491840
10/10/2022,61.0025,63.095,61.0025,62.69,1379843000,8.55,8.7,8.52,8.657,10729886000,164.98,166,137.1,163.89,116857160
10/11/2022,62.69,64.6075,62.5375,63.66,1415670000,8.625,8.8,8.625,8.683,9718262000,163.9,165.2,159.62,162.89,33206270
10/12/2022,63.9275,64.9275,63.0075,64.42,1647408000,8.699,8.854,8.558,8.683,13633488000,163.5,164,160.31,161.8,18161310
10/13/2022,64.02,64.385,62.75,63.63,1556418000,8.689,8.762,8.66,8.685,9313274000,161.67,162.45,159.48,160.84,19824510
10/14/2022,63.455,63.9825,61.6,62.1075,1183561000,8.694,8.737,8.582,8.602,8701965000,161.02,161.16,158.64,159.6,15371250
10/17/2022,62.0575,62.6475,61.33,61.65,1325229000,8.601,8.627,8.461,8.533,8484720000,159.95,163.8,159.6,163.24,26789710
10/18/2022,61.5925,62.3,61.4175,61.575,1234965000,8.533,8.574,8.474,8.505,7467515000,163.96,164.64,159.1,160.2,20696090
10/19/2022,61.9125,61.9575,61.2,61.735,1185430000,8.505,8.525,8.407,8.462,6670435000,159.31,161.5,157.4,161.29,23579940
10/20/2022,61.5925,62.1725,61.16,61.4,1095566000,8.465,8.48,8.402,8.438,8524053000,161.69,162.48,160.15,160.75,14349680
10/21/2022,61.4,61.705,60.7,61.29,1229318000,8.416,8.437,8.29,8.309,10424249000,159.99,169.96,159.03,166.99,35497600
10/24/2022,61.01,62.0475,60.8675,61.185,1411454000,8.309,8.365,8.294,8.332,9389008000,167.9,168.88,164.82,165.47,25842880
10/25/2022,61.3,61.6,61.15,61.4875,1316461000,8.33,8.417,8.295,8.407,8496368000,166,174.69,164.22,172.38,47557000
10/26/2022,61.395,61.9725,61.125,61.75,1612454000,8.415,8.51,8.41,8.5,7862781000,173.31,173.42,168.7,171.98,34526830
10/27/2022,61.7375,61.9175,61.15,61.725,1323613000,8.499,8.512,8.393,8.47,7232027000,172.5,173.98,171.3,172.47,23281230
10/28/2022,61.32,61.8325,61.015,61.52,1236580000,8.46,8.48,8.373,8.403,9626135000,171.99,172.35,169.41,170.73,29704580
10/31/2022,61.7425,61.8875,61.2625,61.4775,1458863000,8.43,8.449,8.343,8.385,7398412000,170.74,171.5,169.21,170.27,15987960
11/1/2022,61.305,61.82,61.04,61.2375,1273262000,8.38,8.43,8.371,8.397,6115305000,170.89,171.29,169.75,169.92,16772810
11/2/2022,61.3775,61.8,61.2375,61.8,1111786000,8.418,8.441,8.391,8.414,7081617000,169.99,170.45,167.1,167.72,18450560
11/3/2022,61.8975,62.4825,61.7975,62.1,1368802000,8.414,8.475,8.392,8.407,8984880000,167.1,169.65,166.68,169.14,18086420
11/7/2022,61.995,62.3125,60.875,61,1345329000,8.433,8.47,8.41,8.417,9732550000,171.02,171.59,169.52,169.85,21765300
11/8/2022,60.8625,61.25,60.6825,60.9925,1326393000,8.42,8.429,8.343,8.372,8263091000,170.05,172,169.17,169.97,25244620
11/9/2022,61.0025,61.4,60.8125,61.31,1320875000,8.345,8.47,8.345,8.454,8126619000,169.84,170.32,166.15,167.1,19082490
11/10/2022,61.5375,61.835,60.345,60.53,1372472000,8.446,8.488,8.346,8.391,6934097000,167.5,170.18,167.18,168.9,23909580
11/11/2022,60.8975,60.8975,59.98,60.5375,1570419000,8.391,8.48,8.385,8.473,8160024000,169.29,170.6,167.51,169.86,16579520
11/14/2022,60.26,60.6925,60.2,60.55,1286875000,8.509,8.57,8.5,8.534,6770317000,170.83,171.92,166.51,169.6,30006030
11/15/2022,60.425,60.75,60.1,60.4,1398851000,8.54,8.572,8.498,8.55,10863785000,171.1,171.3,161.79,166.25,32944690
11/16/2022,60.895,61.0675,60.035,60.35,1378493000,8.551,8.59,8.463,8.493,5370096000,166.75,169.15,166.62,168.76,14010380
11/17/2022,60.44,60.5525,60.2125,60.53,1177951000,8.486,8.486,8.426,8.453,5304651000,168.81,169.8,168.01,168.99,10907230
11/18/2022,60.38,60.7475,60.22,60.4025,1025360000,8.46,8.504,8.454,8.49,3972276000,169.2,169.25,167.51,168.79,10088970
11/21/2022,60.525,60.9975,60.525,60.85,1083005000,8.473,8.498,8.455,8.47,5143046000,168.6,168.67,167,168.13,10275320
11/22/2022,60.6575,61.195,60.4125,60.6825,821520000,8.475,8.496,8.462,8.47,6435027000,167.89,168.5,167.45,168.08,9940350
11/23/2022,60.47,60.85,60.3525,60.7,1269281000,8.466,8.469,8.412,8.44,4587702000,168.25,170.6,167.5,169.15,18356940
11/24/2022,60.52,60.8725,60.31,60.6725,1241445000,8.44,8.457,8.417,8.449,6712940000,169.41,170.87,168.6,168.96,10795920
11/25/2022,60.4225,60.77,60.3875,60.5025,1019741000,8.449,8.449,8.414,8.415,4912009000,169.2,169.53,168.1,169.03,10156450
11/28/2022,60.665,61.2575,60.505,61.2275,1168006000,8.413,8.45,8.396,8.436,5527841000,167.95,168.67,167.52,168.1,9481790
11/29/2022,61.23,61.3775,60.77,61.0225,1284161000,8.448,8.535,8.44,8.468,7933330000,168.57,169,167.92,168.1,9784640
11/30/2022,61.19,61.19,60.7,60.99,929329000,8.479,8.61,8.472,8.593,8601895000,167.98,168.19,167.6,167.7,11821140
12/1/2022,60.7825,61.52,60.7825,61.49,1016844000,8.6,8.725,8.591,8.724,4414099000,168,168.76,166.31,166.98,11949730
12/2/2022,61.5025,62.05,61.2525,62,1154786000,8.723,8.83,8.681,8.805,6281161000,167,167.19,164.18,165.86,20370600
12/5/2022,62.0025,62.5975,61.47,62.35,1116397000,8.824,8.969,8.823,8.93,5766418000,165.58,167.2,164.58,165.03,12255370
12/6/2022,62.415,63.2875,62.415,63.085,1249821000,8.93,9.04,8.923,8.958,10604711000,165.03,165.68,163.12,164.3,13466500
12/7/2022,63.15,63.4325,62.7025,62.75,1125448000,8.986,9.03,8.958,9.005,7535695000,164.28,164.33,162.7,163.7,11210710
12/8/2022,62.9225,63.09,62.27,62.7725,1274261000,9.012,9.03,8.927,8.999,5254065000,163.67,163.99,162.71,163,8836290
12/9/2022,62.6075,62.9425,62.21,62.43,1183436000,8.991,9.002,8.944,8.978,5787914000,163,163.48,162.4,162.75,8304900
12/12/2022,62.155,63.045,62.155,62.8,1229715000,8.96,9.015,8.952,8.985,4867952000,163.24,163.81,161.85,162.89,13133750
12/13/2022,62.74,63.33,62.64,62.85,1165322000,8.993,9.071,8.973,9.045,5079153000,162.98,163.44,162,162.4,8460120
12/14/2022,63.085,64.18,62.905,63.995,1217812000,9.059,9.19,9.05,9.165,7541148000,162.21,162.49,160.25,160.74,13878450
12/15/2022,64,64.95,63.84,64.3525,1930339000,9.185,9.298,9.145,9.215,8472255000,160.75,161.25,157.72,160.31,22006180
12/16/2022,64.4,64.8,64.3525,64.65,945703000,9.219,9.279,9.208,9.279,7165776000,160.3,162.48,159.95,160.24,13711020
12/19/2022,64.85,68.48,64.6075,67.72,1851190000,9.275,9.805,9.257,9.657,11778152000,159.91,160.12,157,157.61,19274460
12/20/2022,68.1,69.555,67.2025,68.875,1531636000,9.689,9.939,9.579,9.89,9686201000,157.48,159.45,157.38,158.94,15640340
12/21/2022,69,70.995,68.87,70.995,1646962000,9.909,10.15,9.894,10.079,11469188000,159.44,160,156.5,157.59,16484550
12/22/2022,71.28,72.6325,68.59,68.95,2531380000,10.14,10.296,9.723,9.769,16033970000,157.7,159,157.12,157.95,10548120
12/23/2022,69,70.35,67.5,70.2,1947922000,9.769,9.996,9.592,9.92,12140155000,157.96,162.5,157.22,160.89,23289210
12/26/2022,69.9,71.2,67.8375,69.29,1939534000,9.988,10.049,9.656,9.774,9874646000,161.74,163.1,160.8,162.12,15107620
12/27/2022,69.0725,71.475,68.29,70.4,1813711000,9.785,10.117,9.703,9.98,13304758000,162.42,164.98,161.98,164.07,20324380
12/28/2022,70.4025,72.2775,70.4025,72.19,1857113000,10.016,10.249,9.993,10.249,11088233000,164.22,164.79,161.81,161.82,13592880
12/29/2022,72.1025,72.9175,70.8425,72.175,2181420000,10.257,10.326,10.005,10.186,14735684000,161.8,163.38,161.74,162.91,9204120
12/30/2022,72.1725,72.54,68.635,69.9,1724051000,10.18,10.265,9.772,9.912,11906738000,162.91,164,161.8,162.56,11637250
1/3/2023,70.8,71.5,69.67,71.1375,201285000,9.9,10.18,9.87,10.11,1775817000,163.02,164.36,162.33,163.52,6366490
1/4/2023,71.335,72.135,70.9,72,187450000,10.117,10.286,10.117,10.265,1442411000,163.46,163.46,162.06,162.51,6656380
1/5/2023,72.2,72.2775,71.02,72.18,155285000,10.29,10.424,10.201,10.417,1744765000,162.51,162.85,160.71,161.2,7599140
1/6/2023,71.875,72.4575,71.5225,72.1225,150236000,10.38,10.498,10.353,10.437,1158511000,161.2,162.59,161.1,162.1,5240800
1/9/2023,71.915,72.3,69.3275,69.99,1346134000,10.459,10.555,10.154,10.219,10321663000,162.98,163.49,161.88,162.71,9706960
1/10/2023,69.96,70.15,69.22,69.8,850754000,10.22,10.289,10.14,10.279,5763620000,162.72,162.98,161.44,162.1,7342060
1/11/2023,69.915,70.405,68.2675,68.7325,1263939000,10.288,10.337,10.018,10.074,10220459000,162.09,167.19,161.7,165.83,25239300
1/12/2023,68.615,68.9675,67.5,67.7575,1253621000,10.08,10.097,9.97,10.021,7493202000,165.71,165.79,163.75,164.17,11337740
1/13/2023,67.7375,68.93,67.0875,68.7875,1367467000,10.001,10.229,9.981,10.19,6680792000,164.3,165.73,163.5,164.56,12244240
1/16/2023,68.535,69.1825,67.7575,68.43,1491660000,10.203,10.27,10.07,10.149,6374703000,165.1,166.8,164.9,165.8,14664800
1/17/2023,68.3925,69.4075,68.0525,69.15,1105305000,10.152,10.23,10.081,10.19,5946094000,165.82,165.92,162,162.33,18054520
1/18/2023,69.3,69.8325,68.68,68.7475,1129335000,10.193,10.235,10.141,10.19,5753466000,162.53,163.96,160.81,162.18,14445400
1/19/2023,68.935,69.3,68.71,68.8,941777000,10.191,10.205,10.101,10.129,5919558000,161.98,162.49,160.01,160.53,15603390
1/20/2023,68.9225,68.985,68.4975,68.83,863525000,10.131,10.139,10.087,10.119,4965524000,160.6,161.45,158.55,158.85,16500690
1/23/2023,68.7025,68.94,68.465,68.925,705644000,10.121,10.149,10.076,10.128,3572112000,158.9,160.49,158.2,160.06,15042680
1/24/2023,68.9,69.17,68.66,69,890698000,10.129,10.149,10.094,10.138,4169653000,160.22,160.83,157.44,157.88,16613760
1/25/2023,69.0825,69.315,68.7775,69.305,1098236000,10.143,10.219,10.127,10.216,4469202000,157.9,159.13,156.71,158.99,15559500
1/26/2023,69.2475,69.73,68.7875,69.265,954226000,10.217,10.304,10.204,10.279,5837283000,159.14,159.43,157.13,157.58,12370220
1/27/2023,69.34,69.5225,69.195,69.46,1097333000,10.282,10.292,10.235,10.26,3785987000,157.59,159.33,156.91,159.08,12287180
1/30/2023,69.37,70.405,69.2275,70.405,926761000,10.268,10.405,10.261,10.405,6152190000,159.09,159.67,157.7,158.41,10696630
1/31/2023,70.4975,70.83,69.7475,69.82,1165741000,10.418,10.47,10.319,10.348,6576704000,158.41,160,158,158.1,15118140
2/1/2023,69.8775,70.4725,69.8775,70.1975,756322000,10.364,10.425,10.347,10.391,5318899000,158.34,158.66,157.54,158.12,14197160
2/2/2023,70.0425,70.4875,69.8,70.455,775272000,10.401,10.459,10.373,10.451,6667418000,158.35,158.59,157.31,158.1,11959060
2/3/2023,70.39,70.795,70.2075,70.6,937572000,10.448,10.45,10.385,10.417,5176049000,158.05,163.96,156.76,160.87,69499700
2/6/2023,70.61,71.1275,70.4425,70.95,653314000,10.41,10.437,10.356,10.419,5522651000,160.7,161.76,158.91,160.14,28018270
2/7/2023,71.1625,71.2475,70.7025,71.15,762038000,10.419,10.465,10.409,10.455,5822797000,160.47,161.35,159.51,159.87,13928790
2/8/2023,71.0875,72.4,70.92,72.3025,1078226000,10.457,10.67,10.447,10.67,6244977000,160.07,160.42,157.82,158.18,16663910
2/9/2023,72.3525,73.385,72.3525,73,1169519000,10.677,10.806,10.672,10.767,6277835000,158.5,160.44,157.6,159.19,27640740
2/10/2023,73.09,73.395,72.535,73.39,943443000,10.767,10.79,10.659,10.749,5749923000,159.05,159.46,158.32,158.68,9833880
2/13/2023,73.4175,73.8775,73.195,73.825,868954000,10.753,10.801,10.702,10.8,5665107000,159.45,159.47,158,158.01,11302230
2/14/2023,73.8725,73.985,72.915,73.8,1092709000,10.796,10.85,10.701,10.803,6101232000,157.98,158.1,155.13,156.52,18579460
2/15/2023,73.57,74.66,73.57,74.5725,943688000,10.803,10.905,10.768,10.87,7056692000,156.06,156.07,150.6,153.09,27517910
2/16/2023,74.57,74.91,74.51,74.855,908745000,10.875,10.919,10.849,10.875,6088589000,154.04,154.5,151.62,153.56,17282360
2/17/2023,74.7375,75.3,73.9125,74.29,1657494000,10.875,10.913,10.734,10.76,10410546000,153.39,155.08,152.83,153.62,13247310
2/20/2023,74.215,74.8675,73.5875,74.5,1113328000,10.75,10.915,10.702,10.87,9427192000,153.63,154.3,151.62,153.24,15286620
2/21/2023,74.565,75.145,74.4625,75.0475,1171822000,10.87,10.926,10.799,10.85,10509457000,153.62,156.43,153.62,154.97,21377910
2/22/2023,75,75.2175,74.365,75,1595466000,10.85,10.92,10.8,10.903,12892362000,154.85,156.4,153.5,155.31,11636880
2/24/2023,74.95,76.3625,74.7675,76.13,322063000,10.89,11.011,10.825,10.965,2015991000,155.52,156.98,153.72,154.22,9964650
2/27/2023,76,76.4875,74.5025,74.6025,1504588000,10.941,10.982,10.67,10.71,12143169000,153.9,157.3,153.5,156.34,17065610
2/28/2023,74.635,75.29,73.98,74.97,1137051000,10.71,10.804,10.617,10.78,9223933000,156.41,158.09,155.56,157.66,18405580
3/1/2023,75.0025,75.41,74.7125,75.15,1019925000,10.782,10.939,10.782,10.909,9717179000,158,164.56,157.99,164.5,67692980
3/2/2023,75.0425,75.6675,75.0425,75.3175,953390000,10.899,10.945,10.845,10.865,6279391000,164.15,164.34,159.5,160.9,53089640
3/3/2023,75.0675,75.79,75.0675,75.6325,724835000,10.88,10.938,10.872,10.926,4980473000,161.2,163.3,160.9,162.27,21275460
3/6/2023,75.6025,75.915,75.2425,75.445,831398000,10.924,10.979,10.82,10.855,7192376000,163.2,164.3,162.52,163.35,19403570
3/7/2023,75.38,76.1125,75.2225,76.0225,804410000,10.847,10.878,10.824,10.875,5386653000,163.75,163.85,162,162.57,13838340
3/9/2023,75.85,76.3,75.6075,75.845,842178000,10.892,10.917,10.827,10.856,7533673000,162.22,163.18,161.12,161.21,13924340
3/10/2023,75.8675,76.11,75.795,76.1,738466000,10.866,10.966,10.855,10.965,5474962000,160.5,161.29,159.51,160.04,17122900
3/13/2023,75.9025,76.1075,74.88,75,1423780000,10.977,11.02,10.866,10.927,8945145000,160.35,161.62,158.3,159.03,20191630
3/14/2023,74.9975,75.5,74.73,75.32,944014000,10.934,10.959,10.901,10.937,5817263000,158.89,161.4,158.55,161,17487600
3/15/2023,75.3675,76.22,75.18,75.985,907683000,10.945,11.012,10.919,11,7112747000,161.5,162.48,158.05,159.68,24880090
3/16/2023,75.905,77.49,75.8075,76.4,1726649000,11.001,11.207,10.992,11.09,10122672000,159.81,160.83,158.5,159.71,20909390
3/17/2023,76.4,77.145,76.015,77.06,886599000,11.09,11.193,11.068,11.19,6831108000,160.19,164.41,159.85,163.29,41646910
3/20/2023,76.9475,77.7575,76.555,77.17,1027144000,11.199,11.298,11.115,11.19,10359796000,164.34,176.86,164.14,175.7,127825560
3/21/2023,77.01,77.315,76.625,76.66,768810000,11.194,11.243,11.135,11.161,9059318000,176,177.25,168.66,170.55,107145180
3/22/2023,76.6125,77.1,76.6125,77.0575,1089834000,11.16,11.195,11.121,11.185,10098664000,170,171.38,167.7,168.72,38726040
3/23/2023,76.7775,76.935,75.7125,76,1188774000,11.195,11.248,11.059,11.105,12527791000,168.72,169.71,167.82,168.84,18693600
3/24/2023,76.0725,77.2,76,77.075,1151954000,11.073,11.147,11.072,11.139,10813106000,169.12,169.49,168.01,169.03,14753150
3/27/2023,76.7375,77.2425,76.41,76.68,990758000,11.14,11.181,11.089,11.113,9678098000,170.16,173.25,169.74,172.33,35848790
3/28/2023,76.6725,77.0275,76.3175,76.9,993946000,11.113,11.175,11.073,11.173,10449344000,172.9,172.92,169.1,171.07,27017460
3/29/2023,77,77.2,76.6675,77.155,895985000,11.17,11.201,11.13,11.2,6938206000,171.57,172.5,169.41,170.95,22407700
3/30/2023,77.155,77.3075,76.8775,77.08,1186180000,11.201,11.223,11.151,11.192,9604262000,170.76,171.8,170.02,171.71,14686140
3/31/2023,76.9525,77.95,76.87,77.5975,1107247000,11.192,11.34,11.183,11.281,6064204000,172,172.71,168.14,169.83,31308340
